{
    "x": 106.00251007080078,
    "y": 92.87619018554688,
    "compass": 0.39117123034727136
}