{
    "x": 106.00249481201172,
    "y": 92.88792419433594,
    "compass": 0.3906706788667299
}