{
    "Town10HD": {
        "min_x": -318.3769905055656,
        "min_y": -272.614841309421,
        "max_x": 313.72300949443445,
        "max_y": 344.985158690579
    },
    "Town05": {
        "min_x": -478.28278458620287,
        "min_y": -413.1460903293523,
        "max_x": 384.71721541379713,
        "max_y": 414.25390967064766
    },
    "Town04": {
        "min_x": -720.5072778387198,
        "min_y": -601.3564358905423,
        "max_x": 619.2927221612802,
        "max_y": 641.1435641094577
    }
}