{
    "x": 106.00251007080078,
    "y": 92.88761138916016,
    "compass": 0.39117123034727136
}